{
  "users": [
    {
      "id": "2ea0",
      "username": "Niru1247",
      "email": "vtnr1247@gmail.com",
      "password": "Niru@1247"
      
    }
  ],
  "products": [
    { "id": 1, "name": "Mobile", "price": 99.00, "description": "Poco" },
    { "id": 2, "name": "Tab", "price": 299.00, "description": "Samsung" },
    { "id": 3, "name": "Laptop", "price": 999.00, "description": "Lenovo" },
    { "id": 4, "name": "Speaker", "price": 19.00, "description": "JBL" },
    { "id": 5, "name": "Keyboard", "price": 15.00, "description": "Zebronics" }
  ]
}